character_id,character_type_id,character_main_tribe_id,character_sub_tribe_id,color,valid_flg,category,rare
1,attack,unknown,none,red,3,NULL,1
2,attack,unknown,none,red,3,NULL,2
3,balance,unknown,none,green,3,NULL,1
4,balance,unknown,none,green,3,NULL,2
5,heal,unknown,none,blue,3,NULL,1
6,heal,unknown,none,blue,3,NULL,2
7,attack,unknown,none,yellow,3,NULL,1
8,attack,unknown,none,yellow,3,NULL,2
9,attack,animal,none,red,3,NULL,1
10,attack,animal,none,red,3,NULL,2
11,heal,animal,none,green,3,NULL,1
12,heal,animal,none,green,3,NULL,2
13,attack,animal,none,yellow,3,NULL,1
14,attack,animal,none,yellow,3,NULL,2
15,balance,human,none,red,3,NULL,1
16,balance,human,none,red,3,NULL,2
17,balance,human,machine,blue,3,NULL,1
18,balance,human,machine,blue,3,NULL,2
19,balance,human,none,yellow,3,NULL,1
20,balance,human,none,yellow,3,NULL,2
21,hp,dragon,none,red,3,NULL,1
22,hp,dragon,none,red,3,NULL,2
23,hp,animal,none,green,3,NULL,1
24,hp,animal,none,green,3,NULL,2
25,hp,animal,none,blue,3,NULL,1
26,hp,animal,none,blue,3,NULL,2
27,heal,machine,none,green,3,NULL,1
28,heal,machine,none,green,3,NULL,2
29,heal,machine,none,blue,3,NULL,1
30,heal,machine,none,blue,3,NULL,2
31,technical,machine,none,yellow,3,NULL,1
32,technical,machine,none,yellow,3,NULL,2
33,attack,animal,none,red,3,NULL,2
34,attack,animal,none,red,3,NULL,3
35,technical,machine,none,green,3,NULL,2
36,technical,machine,none,green,3,NULL,3
37,balance,animal,none,blue,3,NULL,2
38,balance,animal,none,blue,3,NULL,3
39,balance,human,none,yellow,3,NULL,2
40,balance,human,none,yellow,3,NULL,3
41,attack,dragon,none,red,3,NULL,2
42,attack,dragon,none,red,3,NULL,3
43,technical,dragon,human,green,3,NULL,2
44,technical,dragon,human,green,3,NULL,3
45,hp,animal,none,blue,3,NULL,2
46,hp,animal,none,blue,3,NULL,3
47,attack,animal,none,yellow,3,NULL,2
48,attack,animal,none,yellow,3,NULL,3
49,hp,human,none,red,3,NULL,2
50,hp,human,none,red,3,NULL,3
51,attack,human,none,green,3,NULL,2
52,attack,human,none,green,3,NULL,3
53,balance,human,none,blue,3,NULL,2
54,balance,human,none,blue,3,NULL,3
55,balance,human,none,yellow,3,NULL,2
56,balance,human,none,yellow,3,NULL,3
57,balance,animal,none,red,3,NULL,2
58,balance,animal,none,red,3,NULL,3
59,heal,animal,none,green,3,NULL,2
60,heal,animal,none,green,3,NULL,3
61,heal,animal,none,blue,3,NULL,2
62,heal,animal,none,blue,3,NULL,3
63,technical,animal,none,yellow,3,NULL,2
64,technical,animal,none,yellow,3,NULL,3
65,attack,animal,none,red,3,NULL,2
66,attack,animal,none,red,3,NULL,3
67,attack,animal,none,red,3,NULL,4
68,hp,animal,none,green,3,NULL,2
69,hp,animal,none,green,3,NULL,3
70,hp,animal,none,green,3,NULL,4
71,balance,animal,none,blue,3,NULL,2
72,balance,animal,none,blue,3,NULL,3
73,balance,animal,none,blue,3,NULL,4
74,attack,animal,none,yellow,3,NULL,2
75,attack,animal,none,yellow,3,NULL,3
76,attack,animal,none,yellow,3,NULL,4
77,technical,unknown,none,red,3,NULL,3
78,technical,unknown,none,red,3,NULL,4
79,heal,unknown,none,green,3,NULL,3
80,heal,unknown,none,green,3,NULL,4
81,balance,unknown,none,blue,3,NULL,3
82,balance,unknown,none,blue,3,NULL,4
83,heal,unknown,none,yellow,3,NULL,3
84,heal,unknown,none,yellow,3,NULL,4
85,balance,animal,god,red,3,NULL,3
86,balance,animal,god,red,3,NULL,4
87,balance,animal,god,red,3,NULL,5
88,technical,dragon,god,green,3,NULL,3
89,technical,dragon,god,green,3,NULL,4
90,technical,dragon,god,green,3,NULL,5
91,balance,dragon,god,blue,3,NULL,3
92,balance,dragon,god,blue,3,NULL,4
93,balance,dragon,god,blue,3,NULL,5
94,attack,animal,god,yellow,3,NULL,3
95,attack,animal,god,yellow,3,NULL,4
96,attack,animal,god,yellow,3,NULL,5
97,exp,unknown,none,red,3,NULL,6
98,exp,unknown,none,green,3,NULL,6
99,exp,unknown,none,blue,3,NULL,6
100,exp,unknown,none,yellow,3,NULL,6
101,evolution,unknown,none,red,3,NULL,2
102,evolution,unknown,none,red,3,NULL,3
103,evolution,unknown,none,red,3,NULL,4
104,evolution,unknown,none,red,3,NULL,5
105,evolution,unknown,none,green,3,NULL,2
106,evolution,unknown,none,green,3,NULL,3
107,evolution,unknown,none,green,3,NULL,4
108,evolution,unknown,none,green,3,NULL,5
109,evolution,unknown,none,blue,3,NULL,2
110,evolution,unknown,none,blue,3,NULL,3
111,evolution,unknown,none,blue,3,NULL,4
112,evolution,unknown,none,blue,3,NULL,5
113,evolution,unknown,none,yellow,3,NULL,2
114,evolution,unknown,none,yellow,3,NULL,3
115,evolution,unknown,none,yellow,3,NULL,4
116,evolution,unknown,none,yellow,3,NULL,5
117,coin,unknown,none,yellow,3,NULL,3
118,coin,unknown,none,yellow,3,NULL,4
119,coin,unknown,none,yellow,3,NULL,5
120,coin,unknown,none,yellow,3,NULL,6
121,limitbreak,unknown,none,red,3,NULL,3
122,limitbreak,unknown,none,green,3,NULL,3
123,limitbreak,unknown,none,blue,3,NULL,3
124,coin,unknown,none,yellow,3,NULL,3
125,skilllevel,unknown,none,blue,3,NULL,3
126,attack,human,animal,red,3,NULL,3
127,attack,human,animal,red,3,NULL,4
128,attack,human,animal,green,3,NULL,3
129,attack,human,animal,green,3,NULL,4
130,attack,animal,none,blue,3,NULL,3
131,attack,animal,none,blue,3,NULL,4
132,attack,human,animal,yellow,3,NULL,3
133,attack,human,animal,yellow,3,NULL,4
134,balance,human,none,red,3,NULL,3
135,balance,human,none,red,3,NULL,4
136,balance,human,none,green,3,NULL,3
137,balance,human,none,green,3,NULL,4
138,balance,human,none,blue,3,NULL,3
139,balance,human,none,blue,3,NULL,4
140,balance,animal,none,yellow,3,NULL,3
141,balance,animal,none,yellow,3,NULL,4
142,balance,human,none,red,3,NULL,3
143,balance,human,none,red,3,NULL,4
144,hp,human,none,green,3,NULL,3
145,hp,human,none,green,3,NULL,4
146,hp,human,none,blue,3,NULL,3
147,hp,human,none,blue,3,NULL,4
148,balance,human,none,yellow,3,NULL,3
149,balance,human,none,yellow,3,NULL,4
150,technical,human,none,red,3,NULL,3
151,technical,human,none,red,3,NULL,4
152,heal,human,none,green,3,NULL,3
153,heal,human,none,green,3,NULL,4
154,heal,human,none,blue,3,NULL,3
155,heal,human,none,blue,3,NULL,4
156,heal,human,none,yellow,3,NULL,3
157,heal,human,none,yellow,3,NULL,4
158,heal,human,none,red,3,NULL,3
159,heal,human,none,red,3,NULL,4
160,balance,human,none,green,3,NULL,3
161,balance,human,none,green,3,NULL,4
162,attack,human,none,blue,3,NULL,3
163,attack,human,none,blue,3,NULL,4
164,technical,human,unknown,yellow,3,NULL,3
165,technical,human,unknown,yellow,3,NULL,4
166,attack,god,none,red,3,NULL,3
167,attack,god,none,red,3,NULL,4
168,attack,god,none,red,3,NULL,5
169,attack,god,none,green,3,NULL,3
170,attack,god,none,green,3,NULL,4
171,attack,god,none,green,3,NULL,5
172,attack,god,none,blue,3,NULL,3
173,attack,god,none,blue,3,NULL,4
174,attack,god,none,blue,3,NULL,5
175,attack,god,none,yellow,3,NULL,3
176,attack,god,none,yellow,3,NULL,4
177,attack,god,none,yellow,3,NULL,5
178,balance,animal,none,red,3,NULL,3
179,balance,animal,none,red,3,NULL,4
180,balance,animal,none,red,3,NULL,5
181,hp,animal,none,green,3,NULL,3
182,hp,animal,none,green,3,NULL,4
183,hp,animal,none,green,3,NULL,5
184,heal,animal,none,blue,3,NULL,3
185,heal,animal,none,blue,3,NULL,4
186,heal,animal,none,blue,3,NULL,5
187,attack,animal,none,yellow,3,NULL,3
188,attack,animal,none,yellow,3,NULL,4
189,attack,animal,none,yellow,3,NULL,5
190,balance,human,none,red,3,NULL,3
191,balance,human,none,red,3,NULL,4
192,balance,human,none,red,3,NULL,5
193,balance,human,none,green,3,NULL,3
194,balance,human,none,green,3,NULL,4
195,balance,human,none,green,3,NULL,5
196,balance,human,none,yellow,3,NULL,3
197,balance,human,none,yellow,3,NULL,4
198,balance,human,none,yellow,3,NULL,5
199,balance,human,none,blue,3,NULL,3
200,balance,human,none,blue,3,NULL,4
201,balance,human,none,blue,3,NULL,5
202,hp,god,none,red,3,NULL,3
203,hp,god,none,red,3,NULL,4
204,hp,god,none,red,3,NULL,5
205,hp,god,none,green,3,NULL,3
206,hp,god,none,green,3,NULL,4
207,hp,god,none,green,3,NULL,5
208,hp,god,none,blue,3,NULL,3
209,hp,god,none,blue,3,NULL,4
210,hp,god,none,blue,3,NULL,5
211,balance,god,none,yellow,3,NULL,3
212,balance,god,none,yellow,3,NULL,4
213,balance,god,none,yellow,3,NULL,5
214,balance,god,none,red,3,NULL,3
215,balance,god,none,red,3,NULL,4
216,balance,god,none,red,3,NULL,5
217,hp,dragon,none,green,3,NULL,3
218,hp,dragon,none,green,3,NULL,4
219,hp,dragon,none,green,3,NULL,5
220,balance,god,none,blue,3,NULL,3
221,balance,god,none,blue,3,NULL,4
222,balance,god,none,blue,3,NULL,5
223,balance,human,none,yellow,3,NULL,3
224,balance,human,none,yellow,3,NULL,4
225,balance,human,none,yellow,3,NULL,5
226,attack,god,none,red,3,NULL,3
227,attack,god,none,red,3,NULL,4
228,attack,god,none,red,3,NULL,5
229,technical,dragon,none,green,3,NULL,3
230,technical,dragon,none,green,3,NULL,4
231,technical,dragon,none,green,3,NULL,5
232,technical,human,none,blue,3,NULL,3
233,technical,human,none,blue,3,NULL,4
234,technical,human,none,blue,3,NULL,5
235,attack,god,none,yellow,3,NULL,3
236,attack,god,none,yellow,3,NULL,4
237,attack,god,none,yellow,3,NULL,5
238,hp,machine,god,red,3,NULL,3
239,hp,machine,god,red,3,NULL,4
240,hp,machine,god,red,3,NULL,5
241,balance,machine,god,green,3,NULL,3
242,balance,machine,god,green,3,NULL,4
243,balance,machine,god,green,3,NULL,5
244,balance,machine,god,blue,3,NULL,3
245,balance,machine,god,blue,3,NULL,4
246,balance,machine,god,blue,3,NULL,5
247,attack,machine,god,yellow,3,NULL,3
248,attack,machine,god,yellow,3,NULL,4
249,attack,machine,god,yellow,3,NULL,5
250,balance,god,none,red,3,NULL,3
251,balance,god,none,red,3,NULL,4
252,balance,god,none,red,3,NULL,5
253,technical,god,none,green,3,NULL,3
254,technical,god,none,green,3,NULL,4
255,technical,god,none,green,3,NULL,5
256,attack,god,none,blue,3,NULL,3
257,attack,god,none,blue,3,NULL,4
258,attack,god,none,blue,3,NULL,5
259,balance,dragon,none,yellow,3,NULL,3
260,balance,dragon,none,yellow,3,NULL,4
261,balance,dragon,none,yellow,3,NULL,5
262,attack,animal,none,red,3,NULL,3
263,attack,animal,none,red,3,NULL,4
264,hp,animal,none,green,3,NULL,3
265,hp,animal,none,green,3,NULL,4
266,balance,animal,none,blue,3,NULL,3
267,balance,animal,none,blue,3,NULL,4
268,technical,animal,none,yellow,3,NULL,3
269,technical,animal,none,yellow,3,NULL,4
270,attack,human,animal,green,3,NULL,4
271,attack,human,animal,green,3,NULL,5
272,technical,human,none,blue,3,NULL,4
273,technical,human,none,blue,3,NULL,5
274,attack,human,animal,yellow,3,NULL,4
275,attack,human,animal,yellow,3,NULL,5
276,balance,human,machine,red,3,NULL,4
277,balance,human,machine,red,3,NULL,5
278,attack,god,none,red,3,NULL,4
279,attack,god,none,red,3,NULL,5
280,attack,dragon,machine,green,3,NULL,3
281,attack,dragon,machine,green,3,NULL,4
282,balance,dragon,machine,blue,3,NULL,3
283,balance,dragon,machine,blue,3,NULL,4
284,technical,dragon,machine,yellow,3,NULL,3
285,technical,dragon,machine,yellow,3,NULL,4
286,attack,dragon,machine,red,3,NULL,3
287,attack,dragon,machine,red,3,NULL,4
288,balance,human,none,yellow,3,NULL,4
289,balance,human,none,yellow,3,NULL,5
290,technical,human,none,red,3,NULL,4
291,technical,human,none,red,3,NULL,5
292,balance,human,none,blue,3,NULL,4
293,balance,human,none,blue,3,NULL,5
294,attack,animal,none,green,3,NULL,4
295,attack,animal,none,green,3,NULL,5
296,technical,god,none,green,3,NULL,4
297,technical,god,none,green,3,NULL,5
298,hp,human,none,red,3,NULL,3
299,hp,human,none,red,3,NULL,4
300,balance,human,none,green,3,NULL,3
301,balance,human,none,green,3,NULL,4
302,heal,human,none,blue,3,NULL,3
303,heal,human,none,blue,3,NULL,4
304,attack,human,none,yellow,3,NULL,3
305,attack,human,none,yellow,3,NULL,4
306,attack,animal,none,red,3,NULL,4
307,attack,animal,none,red,3,NULL,5
308,hp,animal,none,green,3,NULL,4
309,hp,animal,none,green,3,NULL,5
310,heal,animal,none,blue,3,NULL,4
311,heal,animal,none,blue,3,NULL,5
312,balance,animal,none,yellow,3,NULL,4
313,balance,animal,none,yellow,3,NULL,5
314,heal,human,none,blue,3,NULL,4
315,heal,human,none,blue,3,NULL,5
316,balance,human,none,yellow,3,NULL,4
317,balance,human,none,yellow,3,NULL,5
318,heal,human,none,blue,3,NULL,4
319,heal,human,none,blue,3,NULL,5
320,hp,human,none,red,3,NULL,4
321,hp,human,none,red,3,NULL,5
322,attack,human,none,green,3,NULL,4
323,attack,human,none,green,3,NULL,5
324,balance,human,none,blue,3,NULL,4
325,balance,human,none,blue,3,NULL,5
326,technical,human,none,yellow,3,NULL,4
327,technical,human,none,yellow,3,NULL,5
328,none,human,none,yellow,3,NULL,4
329,none,human,none,yellow,1,NULL,5
330,balance,machine,god,blue,3,NULL,4
331,none,unknown,none,blue,3,NULL,5
332,exp,unknown,none,red,3,NULL,3
333,exp,unknown,none,red,3,NULL,4
334,exp,unknown,none,red,3,NULL,5
335,exp,unknown,none,red,3,NULL,6
336,exp,unknown,none,green,3,NULL,3
337,exp,unknown,none,green,3,NULL,4
338,exp,unknown,none,green,3,NULL,5
339,exp,unknown,none,green,3,NULL,6
340,exp,unknown,none,blue,3,NULL,3
341,exp,unknown,none,blue,3,NULL,4
342,exp,unknown,none,blue,3,NULL,5
343,exp,unknown,none,blue,3,NULL,6
344,exp,unknown,none,yellow,3,NULL,3
345,exp,unknown,none,yellow,3,NULL,4
346,exp,unknown,none,yellow,3,NULL,5
347,exp,unknown,none,yellow,3,NULL,6
348,exp,unknown,none,red,3,NULL,5
349,exp,unknown,none,red,3,NULL,6
350,exp,unknown,none,green,3,NULL,5
351,exp,unknown,none,green,3,NULL,6
352,exp,unknown,none,blue,3,NULL,5
353,exp,unknown,none,blue,3,NULL,6
354,exp,unknown,none,yellow,3,NULL,5
355,exp,unknown,none,yellow,3,NULL,6
356,evolution,unknown,none,red,3,NULL,5
357,evolution,unknown,none,green,3,NULL,5
358,evolution,unknown,none,blue,3,NULL,5
359,evolution,unknown,none,yellow,3,NULL,5
360,hp,animal,none,red,3,NULL,2
361,hp,animal,none,red,3,NULL,3
362,technical,animal,human,green,3,NULL,2
363,technical,animal,human,green,3,NULL,3
364,attack,animal,none,blue,3,NULL,2
365,attack,animal,none,blue,3,NULL,3
366,balance,animal,none,yellow,3,NULL,2
367,balance,animal,none,yellow,3,NULL,3
368,technical,human,machine,red,3,NULL,4
369,technical,human,machine,red,3,NULL,5
370,attack,unknown,none,red,3,NULL,2
371,attack,unknown,none,red,3,NULL,3
372,balance,unknown,none,green,3,NULL,2
373,balance,unknown,none,green,3,NULL,3
374,technical,animal,none,blue,3,NULL,2
375,technical,animal,none,blue,3,NULL,3
376,technical,animal,none,yellow,3,NULL,3
377,technical,animal,none,yellow,3,NULL,4
378,balance,human,none,green,3,NULL,4
379,balance,human,none,green,3,NULL,5
380,technical,dragon,none,red,3,NULL,3
381,technical,dragon,none,red,3,NULL,4
382,technical,dragon,none,red,3,NULL,5
383,hp,dragon,none,green,3,NULL,4
384,hp,dragon,none,green,3,NULL,5
385,balance,dragon,none,blue,3,NULL,4
386,balance,dragon,none,blue,3,NULL,5
387,heal,animal,none,yellow,3,NULL,3
388,heal,animal,none,yellow,3,NULL,4
389,heal,animal,none,yellow,3,NULL,5
390,heal,human,machine,red,3,NULL,4
391,heal,human,machine,red,3,NULL,5
392,attack,human,machine,green,3,NULL,3
393,attack,human,machine,green,3,NULL,4
394,attack,human,machine,green,3,NULL,5
395,hp,human,machine,blue,3,NULL,3
396,hp,human,machine,blue,3,NULL,4
397,hp,human,machine,blue,3,NULL,5
398,balance,human,machine,yellow,3,NULL,4
399,balance,human,machine,yellow,3,NULL,5
400,attack,animal,none,red,3,NULL,3
401,attack,animal,none,red,3,NULL,4
402,attack,animal,none,red,3,NULL,5
403,balance,animal,none,green,3,NULL,4
404,balance,animal,none,green,3,NULL,5
405,technical,animal,none,blue,3,NULL,3
406,technical,animal,none,blue,3,NULL,4
407,technical,animal,none,blue,3,NULL,5
408,attack,god,none,yellow,3,NULL,4
409,attack,god,none,yellow,3,NULL,5
410,balance,human,none,yellow,3,NULL,4
411,balance,human,none,yellow,3,NULL,5
412,heal,unknown,none,yellow,3,NULL,2
413,heal,unknown,none,yellow,3,NULL,3
414,exp,unknown,none,red,3,NULL,6
415,exp,unknown,none,green,3,NULL,6
416,exp,unknown,none,blue,3,NULL,6
417,exp,unknown,none,yellow,3,NULL,6
418,hp,human,none,red,3,NULL,4
419,hp,human,none,red,3,NULL,5
420,heal,human,none,green,3,NULL,4
421,heal,human,none,green,3,NULL,5
422,balance,human,none,blue,3,NULL,4
423,balance,human,none,blue,3,NULL,5
424,attack,human,none,yellow,3,NULL,4
425,attack,human,none,yellow,3,NULL,5
426,attack,human,none,yellow,3,NULL,4
427,attack,human,none,yellow,3,NULL,5
428,evolution,unknown,none,red,1,NULL,5
429,evolution,unknown,none,blue,1,NULL,5
430,evolution,unknown,none,green,3,NULL,5
431,evolution,unknown,none,yellow,3,NULL,5
432,balance,god,none,yellow,3,NULL,4
433,balance,god,none,yellow,3,NULL,5
434,balance,human,none,red,3,NULL,4
435,balance,human,none,red,3,NULL,5
436,technical,human,machine,green,3,NULL,3
437,technical,human,machine,green,3,NULL,4
438,technical,human,machine,green,3,NULL,5
439,attack,machine,none,blue,3,NULL,3
440,attack,machine,none,blue,3,NULL,4
441,attack,machine,none,blue,3,NULL,5
442,hp,animal,none,yellow,3,NULL,4
443,hp,animal,none,yellow,3,NULL,5
444,exp,unknown,none,red,3,NULL,6
445,exp,unknown,none,green,3,NULL,6
446,exp,unknown,none,blue,3,NULL,6
447,exp,unknown,none,yellow,3,NULL,6
448,heal,human,none,blue,3,NULL,6
449,balance,human,none,blue,1,NULL,5
450,balance,human,none,yellow,1,NULL,4
451,balance,human,none,blue,3,NULL,5
452,balance,animal,none,red,3,NULL,4
453,balance,animal,none,red,3,NULL,5
454,hp,human,machine,green,3,NULL,4
455,hp,human,machine,green,3,NULL,5
456,technical,human,none,blue,3,NULL,4
457,technical,human,none,blue,3,NULL,5
458,hp,dragon,none,yellow,3,NULL,4
459,hp,dragon,none,yellow,3,NULL,5
460,technical,human,none,green,3,NULL,4
461,technical,human,none,green,3,NULL,5
462,hp,human,none,red,3,NULL,3
463,hp,human,none,red,3,NULL,4
464,hp,human,none,red,3,NULL,5
465,balance,human,none,green,3,NULL,4
466,balance,human,none,green,3,NULL,5
467,technical,human,none,blue,3,NULL,4
468,technical,human,none,blue,3,NULL,5
469,attack,human,none,yellow,3,NULL,3
470,attack,human,none,yellow,3,NULL,4
471,attack,human,none,yellow,3,NULL,5
472,balance,human,none,red,3,NULL,4
473,balance,human,none,red,3,NULL,5
474,attack,dragon,none,red,3,NULL,4
475,attack,dragon,none,red,3,NULL,5
476,heal,unknown,none,green,3,NULL,3
477,heal,unknown,none,green,3,NULL,4
478,heal,unknown,none,green,3,NULL,5
479,technical,god,none,blue,3,NULL,4
480,technical,god,none,blue,3,NULL,5
481,hp,human,none,yellow,3,NULL,3
482,hp,human,none,yellow,3,NULL,4
483,hp,human,none,yellow,3,NULL,5
484,technical,human,none,red,3,NULL,4
485,technical,human,none,red,3,NULL,5
486,balance,animal,none,red,3,NULL,5
487,hp,human,machine,green,3,NULL,5
488,technical,human,none,blue,3,NULL,5
489,technical,human,none,yellow,3,NULL,5
490,balance,human,unknown,green,3,NULL,4
491,balance,human,unknown,green,3,NULL,5
492,hp,animal,machine,red,3,NULL,4
493,hp,animal,machine,red,3,NULL,5
494,technical,human,none,green,3,NULL,4
495,technical,human,none,green,3,NULL,5
496,attack,human,animal,blue,3,NULL,3
497,attack,human,animal,blue,3,NULL,4
498,attack,human,animal,blue,3,NULL,5
499,balance,human,none,yellow,3,NULL,4
500,balance,human,none,yellow,3,NULL,5
501,balance,human,none,yellow,0,NULL,5
502,attack,human,machine,red,3,NULL,4
503,attack,human,machine,red,3,NULL,5
504,attack,animal,unknown,green,3,NULL,4
505,attack,animal,unknown,green,3,NULL,5
506,technical,human,machine,blue,3,NULL,4
507,technical,human,machine,blue,3,NULL,5
508,hp,unknown,none,yellow,3,NULL,4
509,hp,unknown,none,yellow,3,NULL,5
510,attack,dragon,none,red,3,NULL,4
511,attack,dragon,none,red,3,NULL,5
512,attack,god,none,red,3,NULL,4
513,attack,god,none,red,3,NULL,5
514,attack,god,none,green,3,NULL,4
515,attack,god,none,green,3,NULL,5
516,heal,human,none,blue,3,NULL,4
517,heal,human,none,blue,3,NULL,5
518,attack,god,machine,yellow,3,NULL,4
519,attack,god,machine,yellow,3,NULL,5
520,exp,unknown,none,red,3,NULL,5
521,exp,unknown,none,green,3,NULL,5
522,exp,unknown,none,blue,3,NULL,5
523,exp,unknown,none,yellow,3,NULL,5
524,coin,unknown,none,yellow,3,NULL,6
525,heal,unknown,none,blue,3,NULL,4
526,heal,unknown,none,blue,3,NULL,5
527,balance,unknown,none,yellow,3,NULL,4
528,balance,unknown,none,yellow,3,NULL,5
529,attack,unknown,none,red,3,NULL,1
530,balance,unknown,none,green,3,NULL,1
531,heal,unknown,none,blue,3,NULL,1
532,attack,unknown,none,yellow,3,NULL,1
533,balance,human,none,red,3,NULL,1
534,heal,machine,none,green,3,NULL,1
535,balance,human,machine,blue,3,NULL,1
536,attack,animal,none,yellow,3,NULL,1
537,heal,unknown,none,green,3,NULL,3
538,heal,unknown,none,yellow,3,NULL,3
539,technical,unknown,none,green,3,NULL,4
540,technical,unknown,none,green,3,NULL,5
541,balance,unknown,none,green,3,NULL,4
542,balance,unknown,none,green,3,NULL,5
543,balance,unknown,none,yellow,3,NULL,4
544,balance,unknown,none,yellow,3,NULL,5
545,heal,unknown,none,yellow,3,NULL,4
546,heal,unknown,none,yellow,3,NULL,5
547,attack,unknown,none,red,3,NULL,3
548,attack,unknown,none,red,3,NULL,4
549,hp,unknown,none,red,3,NULL,3
550,hp,unknown,none,red,3,NULL,4
551,technical,unknown,none,blue,3,NULL,3
552,technical,unknown,none,blue,3,NULL,4
553,attack,unknown,none,blue,3,NULL,4
554,attack,unknown,none,blue,3,NULL,5
555,heal,unknown,none,blue,3,NULL,4
556,heal,unknown,none,blue,3,NULL,5
557,balance,unknown,none,blue,3,NULL,3
558,balance,unknown,none,blue,3,NULL,4
559,balance,unknown,none,blue,3,NULL,5
560,attack,human,animal,red,3,NULL,5
561,attack,human,animal,green,3,NULL,5
562,attack,animal,none,blue,3,NULL,5
563,attack,human,animal,yellow,3,NULL,5
564,balance,human,none,red,1,NULL,5
565,hp,human,none,green,1,NULL,5
566,hp,human,animal,blue,3,NULL,5
567,balance,animal,none,yellow,3,NULL,5
568,balance,human,machine,yellow,3,NULL,6
569,heal,unknown,none,green,3,NULL,5
570,heal,unknown,none,green,3,NULL,6
571,heal,unknown,none,green,3,NULL,3
572,skilllevel,unknown,none,blue,3,NULL,3
573,hp,machine,god,blue,3,NULL,4
574,hp,machine,god,blue,3,NULL,5
575,attack,animal,none,red,3,NULL,4
576,attack,animal,none,red,3,NULL,5
577,heal,unknown,none,red,3,NULL,4
578,heal,unknown,none,red,3,NULL,5
579,technical,god,none,green,3,NULL,4
580,technical,god,none,green,3,NULL,5
581,technical,machine,animal,blue,3,NULL,4
582,technical,machine,animal,blue,3,NULL,5
583,attack,machine,none,yellow,3,NULL,4
584,attack,machine,none,yellow,3,NULL,5
585,hp,machine,none,red,0,NULL,3
586,hp,machine,none,red,3,NULL,4
587,hp,machine,none,red,3,NULL,5
588,balance,unknown,none,green,3,NULL,3
589,balance,unknown,none,green,3,NULL,4
590,balance,unknown,none,green,3,NULL,5
591,technical,dragon,none,blue,3,NULL,3
592,technical,dragon,none,blue,3,NULL,4
593,technical,dragon,none,blue,3,NULL,5
594,attack,dragon,none,yellow,3,NULL,4
595,attack,dragon,none,yellow,3,NULL,5
596,balance,human,machine,red,3,NULL,3
597,balance,human,machine,red,3,NULL,4
598,balance,human,machine,red,3,NULL,5
599,attack,dragon,none,green,3,NULL,3
600,attack,dragon,none,green,3,NULL,4
601,attack,dragon,none,green,3,NULL,5
602,heal,animal,none,blue,3,NULL,4
603,heal,animal,none,blue,3,NULL,5
604,heal,god,none,yellow,3,NULL,3
605,heal,god,none,yellow,3,NULL,4
606,heal,god,none,yellow,3,NULL,5
607,limitbreak,unknown,none,red,3,NULL,4
608,limitbreak,unknown,none,green,3,NULL,4
609,limitbreak,unknown,none,blue,3,NULL,4
610,skilllevel,unknown,none,blue,3,NULL,4
611,limitbreak,unknown,none,red,3,NULL,5
612,limitbreak,unknown,none,green,3,NULL,5
613,limitbreak,unknown,none,blue,3,NULL,5
614,skilllevel,unknown,none,blue,3,NULL,5
615,attack,dragon,machine,red,3,NULL,5
616,attack,dragon,machine,green,3,NULL,5
617,balance,dragon,machine,blue,3,NULL,5
618,technical,dragon,machine,yellow,3,NULL,5
619,balance,human,machine,blue,3,NULL,4
620,balance,human,machine,blue,3,NULL,5
621,balance,human,machine,blue,3,NULL,6
622,attack,human,none,blue,1,NULL,4
623,attack,academia,machine,yellow,3,NULL,5
624,attack,academia,machine,yellow,3,NULL,6
625,attack,human,none,green,1,NULL,4
626,attack,human,none,green,1,NULL,5
627,balance,animal,unknown,green,3,NULL,5
628,balance,animal,unknown,green,3,NULL,6
629,hp,god,animal,blue,3,NULL,5
630,hp,god,animal,blue,3,NULL,6
631,balance,human,none,yellow,3,NULL,5
632,technical,god,none,red,3,NULL,6
633,balance,unknown,none,blue,3,NULL,6
634,attack,dragon,none,red,1,NULL,4
635,attack,dragon,none,red,1,NULL,5
636,attack,queen,demon,red,1,NULL,3
637,attack,queen,demon,red,1,NULL,4
638,balance,god,none,yellow,3,NULL,6
639,balance,human,unknown,red,3,NULL,5
640,balance,animal,none,green,3,NULL,5
641,balance,unknown,none,blue,3,NULL,5
642,balance,god,none,red,3,NULL,4
643,balance,god,none,red,3,NULL,5
644,technical,human,unknown,green,3,NULL,4
645,technical,human,unknown,green,3,NULL,5
646,balance,unknown,none,blue,3,NULL,4
647,balance,unknown,none,blue,3,NULL,5
648,heal,god,none,blue,3,NULL,4
649,heal,god,none,blue,3,NULL,5
650,technical,animal,unknown,yellow,3,NULL,4
651,technical,animal,unknown,yellow,3,NULL,5
652,hp,dragon,none,yellow,3,NULL,4
653,hp,dragon,none,yellow,3,NULL,5
654,attack,god,unknown,yellow,3,NULL,4
655,attack,god,unknown,yellow,3,NULL,5
656,balance,god,none,blue,3,NULL,4
657,balance,god,none,blue,3,NULL,5
658,attack,animal,unknown,red,3,NULL,4
659,attack,animal,unknown,red,3,NULL,5
660,balance,animal,unknown,green,3,NULL,4
661,balance,animal,unknown,green,3,NULL,5
662,hp,unknown,none,blue,3,NULL,3
663,hp,unknown,none,blue,3,NULL,4
664,hp,unknown,none,blue,3,NULL,5
665,balance,unknown,none,yellow,3,NULL,3
666,balance,unknown,none,yellow,3,NULL,4
667,balance,unknown,none,yellow,3,NULL,5
668,hp,god,none,red,3,NULL,3
669,hp,god,none,red,3,NULL,4
670,hp,god,none,red,3,NULL,5
671,attack,animal,none,green,3,NULL,3
672,attack,animal,none,green,3,NULL,4
673,attack,animal,none,green,3,NULL,5
674,balance,god,none,blue,3,NULL,4
675,balance,god,none,blue,3,NULL,5
676,attack,god,none,yellow,3,NULL,4
677,attack,god,none,yellow,3,NULL,5
678,attack,human,none,green,3,NULL,4
679,attack,human,none,green,3,NULL,5
680,exp,unknown,none,red,3,NULL,5
681,exp,unknown,none,red,3,NULL,6
682,exp,unknown,none,green,3,NULL,5
683,exp,unknown,none,green,3,NULL,6
684,exp,unknown,none,blue,3,NULL,5
685,exp,unknown,none,blue,3,NULL,6
686,exp,unknown,none,yellow,3,NULL,5
687,exp,unknown,none,yellow,3,NULL,6
688,balance,human,none,blue,3,NULL,4
689,balance,human,none,blue,3,NULL,5
690,balance,human,none,blue,3,NULL,6
691,dr,human,none,blue,3,NULL,4
692,dr,human,none,blue,3,NULL,5
693,dr,human,none,yellow,3,NULL,4
694,dr,human,none,yellow,3,NULL,5
695,dr,unknown,none,yellow,3,NULL,3
696,dr,unknown,none,yellow,3,NULL,4
697,dr,unknown,none,yellow,3,NULL,5
698,dr,human,unknown,red,3,NULL,5
699,dr,human,unknown,red,3,NULL,6
700,dr,human,none,blue,3,NULL,5
701,dr,human,none,blue,3,NULL,6
702,dr,human,none,red,3,NULL,4
703,dr,human,none,red,3,NULL,5
704,dr,human,none,red,3,NULL,3
705,dr,human,none,red,3,NULL,4
706,dr,human,none,green,3,NULL,4
707,dr,human,none,green,3,NULL,5
708,dr,human,none,green,3,NULL,3
709,dr,human,none,green,3,NULL,4
710,dr,human,none,green,3,NULL,3
711,dr,human,none,green,3,NULL,4
712,dr,human,none,blue,3,NULL,5
713,dr,human,none,blue,3,NULL,6
714,dr,human,none,blue,3,NULL,3
715,dr,human,none,blue,3,NULL,4
716,dr,human,none,yellow,3,NULL,5
717,dr,human,none,yellow,3,NULL,6
718,dr,human,none,yellow,3,NULL,4
719,dr,human,none,yellow,3,NULL,5
720,hp,human,samurai,green,3,NULL,4
721,hp,human,samurai,green,3,NULL,5
722,balance,human,samurai,yellow,3,NULL,4
723,balance,human,samurai,yellow,3,NULL,5
724,attack,human,samurai,red,3,NULL,5
725,attack,human,samurai,red,3,NULL,6
726,balance,human,samurai,red,3,NULL,5
727,balance,human,samurai,red,3,NULL,6
728,balance,human,samurai,red,3,NULL,4
729,balance,human,samurai,red,3,NULL,5
730,heal,human,none,green,3,NULL,4
731,heal,human,none,green,3,NULL,5
732,attack,human,samurai,blue,3,NULL,5
733,attack,human,samurai,blue,3,NULL,6
734,balance,human,samurai,yellow,3,NULL,5
735,balance,human,samurai,yellow,3,NULL,6
736,hp,animal,none,red,3,NULL,4
737,hp,animal,none,red,3,NULL,5
738,balance,dragon,machine,blue,3,NULL,4
739,balance,dragon,machine,blue,3,NULL,5
740,attack,dragon,none,yellow,3,NULL,5
741,attack,dragon,none,yellow,3,NULL,6
742,attack,god,none,red,3,NULL,5
743,attack,god,none,red,3,NULL,6
744,technical,god,none,green,3,NULL,5
745,technical,god,none,green,3,NULL,6
746,balance,god,none,blue,3,NULL,4
747,balance,god,none,blue,3,NULL,5
748,heal,animal,none,yellow,3,NULL,4
749,heal,animal,none,yellow,3,NULL,5
750,balance,academia,unknown,green,3,NULL,5
751,balance,academia,unknown,green,3,NULL,6
752,attack,weapon,none,red,3,NULL,5
753,attack,weapon,none,red,3,NULL,6
754,balance,weapon,none,green,3,NULL,5
755,balance,weapon,none,green,3,NULL,6
756,technical,weapon,none,blue,3,NULL,5
757,technical,weapon,none,blue,3,NULL,6
758,attack,weapon,none,yellow,1,NULL,5
759,attack,weapon,none,yellow,1,NULL,6
760,balance,human,none,yellow,3,NULL,5
761,balance,human,none,yellow,3,NULL,6
762,balance,human,machine,blue,3,NULL,5
763,balance,human,machine,blue,3,NULL,6
764,balance,animal,none,yellow,3,NULL,4
765,balance,animal,none,yellow,3,NULL,5
766,hp,dragon,none,red,3,NULL,4
767,hp,dragon,none,red,3,NULL,5
768,technical,human,none,green,3,NULL,4
769,technical,human,none,green,3,NULL,5
770,balance,animal,none,red,3,NULL,4
771,balance,animal,none,red,3,NULL,5
772,balance,animal,none,green,3,NULL,4
773,balance,animal,none,green,3,NULL,5
774,heal,dragon,none,blue,3,NULL,3
775,heal,dragon,none,blue,3,NULL,4
776,heal,dragon,none,blue,3,NULL,5
777,hp,animal,none,yellow,3,NULL,3
778,hp,animal,none,yellow,3,NULL,4
779,hp,animal,none,yellow,3,NULL,5
780,technical,unknown,none,yellow,3,NULL,5
781,technical,unknown,none,yellow,3,NULL,6
782,attack,machine,god,yellow,3,NULL,6
783,technical,academia,unknown,red,3,NULL,5
784,technical,academia,unknown,red,3,NULL,6
785,coin,unknown,none,yellow,3,NULL,6
786,attack,dragon,human,red,3,NULL,5
787,attack,dragon,human,red,3,NULL,6
788,balance,god,animal,green,3,NULL,5
789,balance,god,animal,green,3,NULL,6
790,attack,machine,human,blue,3,NULL,5
791,attack,academia,none,blue,3,NULL,6
792,technical,human,none,yellow,3,NULL,5
793,technical,academia,none,yellow,3,NULL,6
794,heal,unknown,none,green,3,NULL,3
795,skilllevel,unknown,none,blue,3,NULL,3
796,technical,human,none,red,3,NULL,6
797,balance,animal,none,red,3,NULL,6
798,balance,human,none,green,3,NULL,6
799,hp,human,machine,green,3,NULL,6
800,technical,human,none,blue,3,NULL,6
801,hp,machine,god,blue,3,NULL,6
802,balance,god,none,yellow,3,NULL,6
803,technical,human,none,yellow,3,NULL,6
804,balance,human,none,yellow,3,NULL,6
805,attack,god,none,red,3,NULL,6
806,attack,god,none,green,3,NULL,6
807,attack,god,none,blue,3,NULL,6
808,attack,god,none,yellow,3,NULL,6
809,balance,human,none,blue,3,NULL,6
810,attack,god,none,red,3,NULL,6
811,heal,human,machine,red,3,NULL,6
812,technical,god,none,green,3,NULL,6
813,balance,human,machine,yellow,3,NULL,6
814,heal,human,none,blue,3,NULL,6
815,balance,animal,none,green,3,NULL,6
816,attack,human,none,yellow,3,NULL,6
817,balance,human,none,red,3,NULL,6
818,technical,human,none,green,3,NULL,6
819,technical,human,none,blue,3,NULL,6
820,balance,human,none,red,3,NULL,6
821,hp,animal,machine,red,3,NULL,6
822,balance,human,unknown,green,3,NULL,6
823,technical,human,none,green,3,NULL,6
824,hp,unknown,none,yellow,3,NULL,6
825,heal,animal,none,blue,3,NULL,6
826,attack,animal,none,red,3,NULL,6
827,attack,dragon,none,yellow,3,NULL,6
828,technical,machine,animal,blue,3,NULL,6
829,attack,unknown,animal,red,3,NULL,6
830,balance,unknown,animal,green,3,NULL,6
831,technical,human,unknown,green,3,NULL,6
832,attack,god,unknown,yellow,3,NULL,6
833,attack,god,none,yellow,3,NULL,6
834,balance,god,none,blue,3,NULL,6
835,balance,god,none,blue,3,NULL,6
836,balance,god,none,red,3,NULL,6
837,evolution,unknown,none,yellow,3,NULL,6
838,hp,human,samurai,red,3,NULL,6
839,balance,human,hero,green,3,NULL,6
840,hp,animal,none,red,3,NULL,4
841,hp,animal,none,red,3,NULL,5
842,heal,animal,none,blue,3,NULL,4
843,heal,animal,none,blue,3,NULL,5
844,technical,god,animal,green,3,NULL,5
845,technical,god,animal,green,3,NULL,6
846,attack,god,none,green,3,NULL,5
847,attack,god,none,green,3,NULL,6
848,balance,god,machine,red,3,NULL,5
849,balance,god,machine,red,3,NULL,6
850,technical,god,none,green,3,NULL,5
851,technical,god,demon,green,3,NULL,6
852,hp,god,machine,blue,3,NULL,4
853,hp,god,machine,blue,3,NULL,5
854,attack,animal,none,yellow,3,NULL,4
855,attack,animal,none,yellow,3,NULL,5
856,technical,human,none,red,3,NULL,4
857,technical,human,none,red,3,NULL,5
858,hp,machine,animal,yellow,3,NULL,4
859,hp,machine,animal,yellow,3,NULL,5
860,hp,unknown,god,blue,3,NULL,5
861,hp,unknown,god,blue,3,NULL,6
862,balance,animal,none,red,3,NULL,4
863,balance,animal,none,red,3,NULL,5
864,attack,machine,none,green,3,NULL,4
865,attack,machine,none,green,3,NULL,5
866,balance,human,unknown,blue,3,NULL,5
867,balance,human,unknown,blue,3,NULL,6
868,hp,human,machine,yellow,3,NULL,5
869,hp,human,machine,yellow,3,NULL,6
870,balance,academia,machine,red,3,NULL,5
871,balance,academia,machine,red,3,NULL,6
872,attack,academia,unknown,blue,3,NULL,5
873,attack,academia,unknown,blue,3,NULL,6
874,attack,academia,machine,yellow,3,NULL,5
875,attack,academia,machine,yellow,3,NULL,6
876,attack,god,none,red,3,NULL,4
877,attack,god,none,red,3,NULL,5
878,balance,god,animal,red,3,NULL,4
879,balance,god,animal,red,3,NULL,5
880,heal,academia,animal,yellow,3,NULL,5
881,heal,academia,animal,yellow,3,NULL,6
882,attack,academia,human,blue,3,NULL,6
883,hp,god,none,red,3,NULL,6
884,hp,god,none,green,3,NULL,6
885,hp,god,none,blue,3,NULL,6
886,balance,god,none,yellow,3,NULL,6
887,attack,god,machine,red,3,NULL,5
888,attack,god,machine,red,3,NULL,6
889,balance,academia,unknown,green,1,NULL,5
890,balance,academia,unknown,green,1,NULL,6
891,hp,god,animal,blue,3,NULL,5
892,hp,god,animal,blue,3,NULL,6
893,balance,god,machine,yellow,3,NULL,5
894,balance,god,machine,yellow,3,NULL,6
895,attack,animal,fantasy,red,3,NULL,6
896,balance,animal,none,red,3,NULL,6
897,balance,animal,none,green,3,NULL,6
898,heal,animal,fantasy,yellow,3,NULL,6
899,technical,ss,none,green,3,NULL,5
900,technical,ss,none,green,3,NULL,6
901,technical,ss,none,yellow,3,NULL,4
902,technical,ss,none,yellow,3,NULL,5
903,balance,ss,none,red,3,NULL,4
904,balance,ss,none,red,3,NULL,5
905,hp,ss,none,red,3,NULL,4
906,hp,ss,none,red,3,NULL,5
907,evolution,ss,none,red,3,NULL,5
908,evolution,ss,none,red,3,NULL,4
909,balance,ss,none,red,3,NULL,5
910,balance,ss,none,red,3,NULL,6
911,attack,ss,none,red,3,NULL,4
912,attack,ss,none,red,3,NULL,5
913,balance,ss,none,green,3,NULL,4
914,balance,ss,none,green,3,NULL,5
915,technical,ss,none,green,3,NULL,4
916,technical,ss,none,green,3,NULL,5
917,balance,ss,none,green,3,NULL,3
918,balance,ss,none,green,3,NULL,4
919,heal,ss,none,blue,3,NULL,5
920,heal,ss,none,blue,3,NULL,6
921,technical,ss,none,blue,3,NULL,3
922,technical,ss,none,blue,3,NULL,4
923,attack,ss,none,blue,3,NULL,3
924,attack,ss,none,blue,3,NULL,4
925,heal,ss,none,yellow,3,NULL,4
926,heal,ss,none,yellow,3,NULL,5
927,hp,ss,none,yellow,3,NULL,3
928,hp,ss,none,yellow,3,NULL,4
929,balance,god,none,yellow,3,NULL,5
930,balance,god,none,yellow,3,NULL,6
931,technical,human,machine,green,3,NULL,4
932,technical,human,machine,green,3,NULL,5
933,attack,unknown,none,yellow,3,NULL,4
934,attack,unknown,none,yellow,3,NULL,5
935,balance,human,none,red,3,NULL,5
936,balance,human,none,red,3,NULL,6
937,balance,human,none,red,3,NULL,5
938,balance,human,none,red,3,NULL,6
939,hp,unknown,none,green,3,NULL,4
940,hp,unknown,none,green,3,NULL,5
941,technical,human,none,blue,3,NULL,5
942,technical,human,none,blue,3,NULL,6
943,attack,human,none,yellow,3,NULL,5
944,attack,human,none,yellow,3,NULL,6
945,attack,academia,unknown,red,1,NULL,5
946,attack,academia,unknown,red,1,NULL,6
947,attack,weapon,none,green,3,NULL,5
948,attack,weapon,none,green,3,NULL,6
949,balance,weapon,none,blue,3,NULL,5
950,balance,weapon,none,blue,3,NULL,6
951,attack,weapon,none,yellow,3,NULL,5
952,attack,weapon,none,yellow,3,NULL,6
953,attack,academia,machine,green,3,NULL,5
954,attack,academia,machine,green,3,NULL,6
955,technical,academia,animal,red,3,NULL,5
956,technical,academia,animal,red,3,NULL,6
957,hp,academia,animal,red,3,NULL,6
958,balance,academia,animal,green,3,NULL,5
959,balance,academia,animal,green,3,NULL,6
960,heal,academia,animal,green,3,NULL,6
961,technical,human,none,green,3,NULL,6
962,hp,dragon,none,green,3,NULL,6
963,attack,god,none,yellow,3,NULL,6
964,balance,dragon,none,blue,3,NULL,6
965,attack,dragon,none,red,3,NULL,6
966,attack,human,samurai,green,3,NULL,6
967,technical,human,samurai,yellow,3,NULL,6
968,technical,god,none,blue,3,NULL,6
969,hp,machine,none,red,3,NULL,6
970,balance,human,none,yellow,3,NULL,6
971,hp,animal,god,yellow,3,NULL,6
972,attack,academia,unknown,red,3,NULL,5
973,attack,academia,unknown,red,3,NULL,6
974,balance,academia,none,blue,3,NULL,5
975,balance,academia,none,blue,3,NULL,6
976,technical,unknown,human,red,3,enemy_only,3
977,balance,human,none,blue,3,NULL,4
978,balance,human,none,blue,3,NULL,5
979,hp,unknown,none,red,3,NULL,5
980,hp,unknown,none,red,3,NULL,6
981,balance,unknown,none,green,3,NULL,4
982,balance,unknown,none,green,3,NULL,5
983,attack,unknown,none,yellow,3,NULL,4
984,attack,unknown,none,yellow,3,NULL,5
985,balance,human,machine,red,3,NULL,5
986,balance,human,machine,red,3,NULL,6
987,attack,unknown,none,blue,3,NULL,6
988,attack,human,machine,red,3,NULL,5
989,attack,human,machine,red,3,NULL,6
990,balance,human,machine,red,3,NULL,4
991,balance,human,machine,red,3,NULL,5
992,technical,human,machine,green,3,NULL,4
993,technical,human,machine,green,3,NULL,5
994,balance,human,machine,green,3,NULL,4
995,balance,human,machine,green,3,NULL,5
996,attack,human,machine,blue,3,NULL,5
997,attack,human,machine,blue,3,NULL,6
998,hp,human,machine,blue,3,NULL,4
999,hp,human,machine,blue,3,NULL,5
1000,heal,human,machine,yellow,3,NULL,4
1001,heal,human,machine,yellow,3,NULL,5
1002,balance,human,machine,yellow,3,NULL,4
1003,balance,human,machine,yellow,3,NULL,5
1004,attack,animal,none,blue,3,NULL,4
1005,attack,animal,none,blue,3,NULL,5
1006,heal,god,animal,red,3,NULL,4
1007,heal,god,animal,red,3,NULL,5
1008,attack,god,unknown,green,3,NULL,5
1009,attack,god,unknown,green,3,NULL,6
1010,technical,god,unknown,blue,3,NULL,5
1011,technical,god,unknown,blue,3,NULL,6
1012,balance,god,animal,red,3,NULL,5
1013,balance,god,animal,red,3,NULL,6
1014,hp,god,animal,green,3,NULL,5
1015,hp,god,animal,green,3,NULL,6
1016,heal,god,animal,blue,3,NULL,4
1017,heal,god,animal,blue,3,NULL,5
1018,attack,god,animal,yellow,3,NULL,5
1019,attack,god,animal,yellow,3,NULL,6
1020,technical,human,none,red,3,NULL,4
1021,technical,human,none,red,3,NULL,5
1022,technical,human,samurai,green,3,NULL,4
1023,technical,human,samurai,green,3,NULL,5
1024,attack,human,samurai,yellow,3,NULL,5
1025,attack,human,samurai,yellow,3,NULL,6
1026,attack,human,none,red,3,NULL,4
1027,attack,human,none,red,3,NULL,5
1028,balance,human,samurai,green,3,NULL,5
1029,balance,human,samurai,green,3,NULL,6
1030,balance,human,samurai,green,1,NULL,6
1031,technical,human,none,blue,3,NULL,5
1032,technical,human,none,blue,3,NULL,6
1033,heal,human,none,yellow,3,NULL,5
1034,heal,human,none,yellow,3,NULL,6
1035,hp,animal,unknown,green,3,NULL,5
1036,hp,animal,unknown,green,3,NULL,6
1037,balance,unknown,none,yellow,3,NULL,5
1038,balance,unknown,none,yellow,3,NULL,6
1039,technical,academia,unknown,blue,3,NULL,5
1040,technical,academia,unknown,blue,3,NULL,6
1041,attack,god,none,red,3,NULL,5
1042,attack,god,none,red,3,NULL,6
1043,technical,god,none,green,3,NULL,5
1044,technical,god,none,green,3,NULL,6
1045,balance,academia,animal,blue,3,NULL,6
1046,attack,animal,none,blue,3,NULL,5
1047,balance,academia,human,blue,3,NULL,6
1048,hp,dragon,none,blue,3,NULL,5
1049,balance,academia,machine,blue,3,NULL,6
1050,balance,god,none,blue,3,NULL,5
1051,balance,academia,human,blue,3,NULL,6
1052,heal,god,none,blue,3,NULL,5
1053,balance,god,none,red,3,NULL,5
1054,balance,god,none,red,3,NULL,6
1055,attack,demon,none,red,3,NULL,6
1056,attack,demon,none,green,3,NULL,6
1057,attack,demon,none,blue,3,NULL,6
1058,attack,god,none,yellow,3,NULL,6
1059,balance,god,animal,green,3,NULL,4
1060,balance,god,animal,green,3,NULL,5
1061,hp,animal,machine,yellow,3,NULL,4
1062,hp,animal,machine,yellow,3,NULL,5
1063,technical,god,dragon,blue,3,NULL,5
1064,technical,god,dragon,blue,3,NULL,6
1065,attack,god,human,red,3,NULL,5
1066,attack,god,human,red,3,NULL,6
1067,balance,dragon,animal,red,3,NULL,4
1068,balance,dragon,animal,red,3,NULL,5
1069,technical,god,none,green,3,NULL,5
1070,technical,god,none,green,3,NULL,6
1071,attack,god,none,green,1,NULL,6
1072,attack,human,animal,blue,3,NULL,5
1073,attack,human,animal,blue,3,NULL,6
1074,technical,god,none,yellow,3,NULL,5
1075,technical,god,none,yellow,3,NULL,6
1076,balance,academia,unknown,green,3,NULL,5
1077,balance,academia,unknown,green,3,NULL,6
1078,balance,academia,fantasy,green,3,NULL,6
1079,exp,unknown,none,red,3,NULL,6
1080,exp,unknown,none,green,3,NULL,6
1081,exp,unknown,none,blue,3,NULL,6
1082,exp,unknown,none,yellow,3,NULL,6
1083,technical,god,unknown,yellow,3,NULL,5
1084,technical,god,unknown,yellow,3,NULL,6
1085,technical,academia,none,green,3,NULL,5
1086,technical,academia,none,green,3,NULL,6
1087,balance,academia,none,green,3,NULL,6
1088,technical,unknown,none,green,3,NULL,5
1089,technical,unknown,none,green,3,NULL,6
1090,attack,academia,demon,yellow,3,NULL,5
1091,attack,academia,demon,yellow,3,NULL,6
1092,attack,human,none,green,3,NULL,6
1093,attack,unknown,none,yellow,1,NULL,6
1094,technical,animal,unknown,blue,3,NULL,4
1095,technical,animal,unknown,blue,3,NULL,5
1096,technical,unknown,none,red,3,NULL,4
1097,technical,unknown,none,red,3,NULL,5
1098,technical,human,unknown,yellow,3,NULL,5
1099,technical,human,unknown,yellow,3,NULL,6
1100,attack,human,samurai,red,3,NULL,5
1101,attack,human,samurai,red,3,NULL,6
1102,balance,animal,none,green,3,NULL,5
1103,balance,animal,none,green,3,NULL,6
1104,technical,human,unknown,blue,3,NULL,4
1105,technical,human,unknown,blue,3,NULL,5
1106,attack,human,god,yellow,3,NULL,5
1107,attack,human,god,yellow,3,NULL,6
1108,attack,academia,machine,yellow,3,NULL,6
1109,technical,academia,samurai,red,3,NULL,5
1110,technical,academia,samurai,red,3,NULL,6
1111,attack,academia,animal,blue,3,NULL,5
1112,attack,academia,animal,blue,3,NULL,6
1113,balance,academia,animal,blue,3,NULL,6
1114,technical,queen,unknown,green,3,NULL,5
1115,technical,queen,unknown,green,3,NULL,6
1116,attack,god,none,red,3,NULL,6
1117,technical,demon,none,green,3,NULL,6
1118,heal,human,hero,blue,3,NULL,6
1119,attack,human,samurai,yellow,3,NULL,6
1120,attack,god,none,yellow,3,NULL,6
1121,balance,academia,none,green,3,NULL,6
1122,balance,academia,machine,blue,3,NULL,6
1123,balance,academia,none,blue,3,NULL,6
1124,technical,academia,none,red,3,NULL,6
1125,technical,academia,animal,red,3,NULL,6
1126,hp,academia,machine,green,3,NULL,6
1127,attack,academia,animal,blue,3,NULL,6
1128,technical,academia,none,yellow,3,NULL,6
1129,attack,animal,none,red,3,NULL,4
1130,attack,animal,none,red,3,NULL,5
1131,hp,samurai,human,green,3,NULL,5
1132,hp,samurai,human,green,3,NULL,6
1133,technical,samurai,human,yellow,3,NULL,5
1134,technical,samurai,human,yellow,3,NULL,6
1135,attack,samurai,human,green,3,NULL,5
1136,attack,samurai,human,green,3,NULL,6
1137,technical,samurai,human,red,3,NULL,5
1138,technical,samurai,human,red,3,NULL,6
1139,balance,samurai,human,green,3,NULL,5
1140,balance,samurai,human,green,3,NULL,6
1141,balance,human,machine,blue,3,NULL,5
1142,balance,human,machine,blue,3,NULL,6
1143,technical,samurai,human,yellow,3,NULL,4
1144,technical,samurai,human,yellow,3,NULL,5
1145,hp,dragon,none,yellow,3,NULL,4
1146,hp,dragon,none,yellow,3,NULL,5
1147,technical,god,demon,red,3,NULL,5
1148,technical,god,demon,red,3,NULL,6
1149,technical,god,none,blue,3,NULL,5
1150,technical,god,none,blue,3,NULL,6
1151,heal,god,animal,red,3,NULL,4
1152,heal,god,animal,red,3,NULL,5
1153,hp,god,none,green,3,NULL,5
1154,hp,god,none,green,3,NULL,6
1155,balance,god,none,blue,3,NULL,5
1156,balance,god,none,blue,3,NULL,6
1157,attack,god,machine,yellow,3,NULL,5
1158,attack,god,machine,yellow,3,NULL,6
1159,attack,academia,none,green,3,NULL,5
1160,attack,academia,none,green,3,NULL,6
1161,attack,academia,unknown,yellow,3,NULL,5
1162,attack,academia,unknown,yellow,3,NULL,6
1163,attack,academia,unknown,yellow,3,NULL,6
1164,heal,weapon,none,red,3,NULL,5
1165,heal,weapon,none,red,3,NULL,6
1166,attack,weapon,unknown,blue,3,NULL,5
1167,attack,weapon,unknown,blue,3,NULL,6
1168,technical,weapon,none,yellow,3,NULL,5
1169,technical,weapon,god,yellow,3,NULL,6
1170,technical,dragon,unknown,red,3,NULL,6
1171,balance,academia,none,green,3,NULL,6
1172,balance,academia,human,yellow,3,NULL,6
1173,heal,unknown,none,green,3,NULL,6
1174,heal,god,none,yellow,3,NULL,6
1175,balance,human,none,red,3,NULL,6
1176,balance,academia,machine,red,3,NULL,6
1177,balance,human,none,green,3,NULL,6
1178,attack,unknown,fantasy,green,3,NULL,6
1179,attack,academia,machine,green,3,NULL,6
1180,hp,machine,god,blue,3,NULL,6
1181,balance,academia,machine,blue,3,NULL,6
1182,balance,academia,none,blue,3,NULL,6
1183,hp,unknown,fantasy,yellow,3,NULL,6
1184,attack,academia,none,yellow,3,NULL,6
1185,heal,academia,animal,yellow,3,NULL,6
1186,balance,academia,machine,yellow,3,NULL,6
1187,heal,unknown,demon,red,3,NULL,1
1188,balance,unknown,demon,green,3,NULL,1
1189,attack,unknown,demon,blue,3,NULL,1
1190,attack,unknown,demon,yellow,3,NULL,1
1191,technical,unknown,demon,yellow,3,NULL,5
1192,balance,unknown,demon,yellow,3,NULL,6
1193,attack,human,demon,red,3,NULL,6
1194,balance,unknown,demon,green,3,NULL,5
1195,balance,unknown,demon,green,3,NULL,6
1196,balance,human,demon,green,3,NULL,6
1197,attack,demon,none,green,3,NULL,5
1198,technical,machine,demon,blue,3,NULL,5
1199,heal,animal,demon,yellow,3,NULL,5
1200,technical,unknown,none,blue,3,NULL,4
1201,technical,unknown,none,blue,3,NULL,5
1202,technical,god,unknown,red,3,NULL,5
1203,technical,god,unknown,red,3,NULL,6
1204,attack,god,dragon,green,3,NULL,5
1205,attack,god,dragon,green,3,NULL,6
1206,technical,god,none,yellow,3,NULL,5
1207,technical,god,none,yellow,3,NULL,6
1208,hp,god,animal,red,3,NULL,5
1209,hp,god,animal,red,3,NULL,6
1210,attack,god,none,green,3,NULL,4
1211,attack,god,none,green,3,NULL,5
1212,technical,god,unknown,blue,3,NULL,5
1213,technical,god,unknown,blue,3,NULL,6
1214,balance,god,animal,yellow,3,NULL,5
1215,balance,god,animal,yellow,3,NULL,6
1216,attack,human,none,green,3,NULL,4
1217,attack,human,none,green,3,NULL,5
1218,hp,human,unknown,blue,3,NULL,5
1219,hp,human,unknown,blue,3,NULL,6
1220,balance,human,none,yellow,3,NULL,5
1221,balance,human,none,yellow,3,NULL,6
1222,technical,human,unknown,blue,3,NULL,5
1223,technical,human,unknown,blue,3,NULL,6
1224,attack,human,none,red,3,NULL,4
1225,attack,human,none,red,3,NULL,5
1226,attack,human,machine,green,3,NULL,5
1227,attack,human,machine,green,3,NULL,6
1228,attack,human,unknown,blue,3,NULL,5
1229,attack,human,unknown,blue,3,NULL,6
1230,heal,animal,none,yellow,3,NULL,5
1231,heal,animal,none,yellow,3,NULL,6
1232,attack,academia,unknown,yellow,3,NULL,5
1233,attack,academia,unknown,yellow,3,NULL,6
1234,attack,academia,human,red,3,NULL,5
1235,attack,academia,human,red,3,NULL,6
1236,balance,unknown,none,yellow,3,NULL,4
1237,balance,unknown,none,yellow,3,NULL,5
1238,attack,unknown,none,green,3,NULL,5
1239,attack,unknown,none,green,3,NULL,6
1240,hp,human,samurai,blue,3,NULL,5
1241,hp,human,samurai,blue,3,NULL,6
1242,balance,human,samurai,red,3,NULL,5
1243,balance,human,samurai,red,3,NULL,6
1244,attack,human,none,red,3,NULL,5
1245,attack,human,none,red,3,NULL,6
1246,heal,human,none,green,3,NULL,5
1247,heal,human,none,green,3,NULL,6
1248,heal,human,none,blue,3,NULL,4
1249,heal,human,none,blue,3,NULL,5
1250,attack,human,samurai,yellow,3,NULL,5
1251,attack,human,samurai,yellow,3,NULL,6
1252,balance,god,none,blue,3,NULL,4
1253,balance,god,none,blue,3,NULL,5
1254,balance,unknown,demon,green,1,NULL,5
1255,balance,unknown,demon,green,1,NULL,6
1256,heal,god,demon,yellow,3,NULL,5
1257,heal,god,demon,yellow,3,NULL,6
1258,balance,god,demon,green,3,NULL,5
1259,balance,god,demon,green,3,NULL,6
1260,balance,god,none,red,3,NULL,5
1261,balance,god,none,red,3,NULL,6
1262,heal,god,none,green,3,NULL,5
1263,heal,god,none,green,3,NULL,6
1264,heal,god,demon,blue,3,NULL,5
1265,heal,god,demon,blue,3,NULL,6
1266,hp,god,animal,yellow,3,NULL,4
1267,hp,god,animal,yellow,3,NULL,5
1268,attack,queen,demon,red,3,NULL,5
1269,attack,queen,demon,red,3,NULL,6
1270,attack,queen,none,red,1,NULL,6
1271,attack,queen,demon,red,1,NULL,5
1272,attack,queen,demon,red,1,NULL,6
1273,balance,human,samurai,red,3,NULL,6
1274,heal,human,none,blue,3,NULL,6
1275,attack,god,none,red,3,NULL,6
1276,attack,god,none,green,3,NULL,6
1277,attack,god,machine,yellow,3,NULL,6
1278,hp,unknown,hero,yellow,3,NULL,5
1279,hp,unknown,hero,yellow,3,NULL,6
1280,balance,human,none,blue,3,NULL,5
1281,attack,human,animal,green,3,NULL,5
1282,balance,unknown,none,red,3,NULL,5
1283,balance,unknown,none,red,3,NULL,6
1284,hp,unknown,human,blue,3,NULL,5
1285,hp,unknown,human,blue,3,NULL,6
1286,hp,human,none,yellow,3,NULL,5
1287,hp,human,none,yellow,3,NULL,6
1288,hp,human,none,yellow,3,NULL,6
1289,balance,unknown,none,blue,3,NULL,6
1290,attack,unknown,none,blue,3,NULL,6
1291,technical,animal,none,yellow,3,NULL,5
1292,technical,animal,none,yellow,3,NULL,6
1293,balance,animal,god,red,3,NULL,5
1294,balance,animal,god,red,3,NULL,6
1295,balance,unknown,none,blue,3,NULL,5
1296,balance,unknown,none,blue,3,NULL,6
1297,heal,unknown,none,green,3,NULL,5
1298,heal,unknown,none,green,3,NULL,6
1299,balance,unknown,none,yellow,3,NULL,6
1300,technical,unknown,none,green,3,NULL,5
1301,technical,unknown,none,green,3,NULL,6
1302,balance,unknown,none,yellow,3,NULL,5
1303,balance,unknown,none,yellow,3,NULL,6
1304,technical,unknown,none,blue,3,NULL,5
1305,technical,unknown,none,blue,3,NULL,6
1306,attack,unknown,none,yellow,3,NULL,5
1307,attack,unknown,none,yellow,3,NULL,6
1308,balance,unknown,none,green,3,NULL,6
1309,technical,unknown,none,green,3,NULL,6
1310,attack,unknown,none,green,3,NULL,6
1311,balance,unknown,none,yellow,3,NULL,6
1312,heal,unknown,none,yellow,3,NULL,6
1313,attack,unknown,none,red,3,NULL,5
1314,hp,unknown,none,red,3,NULL,5
1315,technical,unknown,none,blue,3,NULL,5
1316,balance,unknown,none,green,3,NULL,5
1317,balance,unknown,none,green,3,NULL,6
1318,heal,unknown,none,yellow,3,NULL,5
1319,heal,unknown,none,yellow,3,NULL,6
1320,balance,unknown,none,yellow,3,NULL,5
1321,balance,unknown,none,yellow,3,NULL,6
1322,balance,unknown,none,red,3,NULL,5
1323,balance,unknown,none,red,3,NULL,6
1324,balance,animal,unknown,green,3,NULL,4
1325,balance,animal,unknown,green,3,NULL,5
1326,hp,god,none,green,3,NULL,5
1327,hp,god,none,green,3,NULL,6
1328,attack,god,none,red,1,NULL,5
1329,attack,god,none,red,1,NULL,6
1330,balance,hero,none,yellow,3,NULL,5
1331,balance,hero,none,yellow,3,NULL,6
1332,hp,god,none,red,3,NULL,5
1333,hp,god,none,red,3,NULL,6
1334,heal,god,none,green,3,NULL,4
1335,heal,god,none,green,3,NULL,5
1336,technical,god,hero,blue,3,NULL,5
1337,technical,god,hero,blue,3,NULL,6
1338,attack,god,none,yellow,3,NULL,5
1339,attack,god,none,yellow,3,NULL,6
1340,balance,academia,demon,green,3,NULL,5
1341,balance,academia,demon,green,3,NULL,6
1342,technical,machine,demon,red,3,NULL,5
1343,technical,machine,demon,red,3,NULL,6
1344,technical,hero,unknown,blue,1,NULL,5
1345,technical,hero,unknown,blue,1,NULL,6
1346,heal,academia,fantasy,blue,3,NULL,5
1347,heal,academia,fantasy,blue,3,NULL,6
1348,hp,academia,unknown,green,3,NULL,5
1349,hp,academia,unknown,green,3,NULL,6
1350,attack,human,none,red,1,NULL,5
1351,technical,human,none,red,3,NULL,6
1352,technical,human,none,blue,3,NULL,5
1353,technical,human,none,blue,3,NULL,6
1354,heal,animal,none,green,3,NULL,6
1355,balance,god,machine,yellow,3,NULL,6
1356,balance,animal,none,red,3,NULL,5
1357,balance,god,none,blue,3,NULL,5
1358,heal,dragon,none,yellow,3,NULL,5
1359,balance,human,none,red,3,NULL,5
1360,balance,human,none,red,3,NULL,6
1361,heal,human,none,red,1,NULL,6
1362,heal,human,none,red,3,NULL,6
1363,attack,human,none,blue,3,NULL,6
1364,balance,human,none,green,3,NULL,6
1365,attack,academia,none,green,1,NULL,5
1366,attack,academia,none,green,1,NULL,6
1367,attack,academia,human,blue,3,NULL,5
1368,attack,academia,human,blue,3,NULL,6
1369,attack,demon,unknown,red,3,NULL,5
1370,attack,demon,unknown,red,3,NULL,6
1373,technical,animal,fantasy,yellow,3,NULL,4
1374,technical,animal,fantasy,yellow,3,NULL,5
1375,balance,demon,fantasy,red,3,NULL,5
1376,balance,demon,fantasy,red,3,NULL,6
1377,balance,human,none,blue,1,NULL,5
1378,balance,human,none,blue,1,NULL,6
1379,attack,fantasy,none,blue,3,NULL,5
1380,attack,fantasy,none,blue,3,NULL,6
1381,hp,human,fantasy,red,3,NULL,4
1382,hp,human,fantasy,red,3,NULL,5
1383,technical,hero,fantasy,green,3,NULL,5
1384,technical,hero,fantasy,green,3,NULL,6
1385,attack,fantasy,none,blue,3,NULL,5
1386,attack,fantasy,none,blue,3,NULL,6
1387,attack,hero,none,yellow,3,NULL,5
1388,attack,hero,none,yellow,3,NULL,6
1389,balance,academia,animal,blue,3,NULL,5
1390,balance,academia,animal,blue,3,NULL,6
1393,hp,academia,fantasy,blue,3,NULL,5
1394,hp,academia,fantasy,blue,3,NULL,6
1395,technical,academia,fantasy,blue,3,NULL,6
1399,attack,god,unknown,green,3,NULL,5
1400,attack,god,unknown,green,3,NULL,6
1401,hp,hero,unknown,yellow,3,NULL,5
1402,hp,hero,unknown,yellow,3,NULL,6
1403,heal,animal,god,red,3,NULL,6
1404,hp,dragon,god,green,3,NULL,6
1405,balance,dragon,god,blue,3,NULL,6
1406,attack,animal,god,yellow,3,NULL,6
1407,balance,human,unknown,yellow,3,NULL,5
1408,balance,human,unknown,yellow,3,NULL,6
1409,heal,human,none,green,3,NULL,5
1410,heal,human,none,green,3,NULL,6
1411,attack,human,machine,blue,3,NULL,5
1412,attack,god,none,yellow,3,NULL,5
1413,technical,human,unknown,green,3,NULL,5
1414,exp,unknown,none,red,3,NULL,6
1415,exp,unknown,none,green,3,NULL,6
1416,exp,unknown,none,blue,3,NULL,6
1417,exp,unknown,none,yellow,3,NULL,6
1418,attack,unknown,none,red,3,NULL,5
1419,attack,unknown,none,red,3,NULL,6
1420,heal,unknown,none,blue,3,NULL,5
1421,heal,unknown,none,blue,3,NULL,6
1422,hp,unknown,none,yellow,3,NULL,5
1423,hp,unknown,none,yellow,3,NULL,6
1424,balance,academia,machine,blue,3,NULL,6
1425,attack,academia,human,red,3,NULL,5
1426,attack,academia,human,red,3,NULL,6
1427,heal,academia,fantasy,green,3,NULL,5
1428,heal,academia,fantasy,green,3,NULL,6
1431,hp,god,animal,yellow,3,NULL,5
1432,hp,god,none,yellow,3,NULL,6
1433,limitbreak,unknown,none,yellow,3,NULL,3
1434,limitbreak,unknown,none,yellow,3,NULL,4
1435,limitbreak,unknown,none,yellow,3,NULL,5
1436,attack,hero,none,blue,3,NULL,4
1437,attack,hero,none,blue,3,NULL,5
1438,attack,hero,none,green,3,NULL,5
1439,attack,hero,none,green,3,NULL,6
1440,technical,human,machine,yellow,1,NULL,5
1441,technical,human,machine,yellow,1,NULL,6
1442,hp,hero,human,red,3,NULL,5
1443,hp,hero,human,red,3,NULL,6
1444,technical,hero,human,red,3,NULL,5
1445,technical,hero,human,red,3,NULL,6
1446,technical,hero,none,green,3,NULL,5
1447,technical,hero,none,green,3,NULL,6
1448,balance,hero,none,blue,3,NULL,5
1449,balance,hero,none,blue,3,NULL,6
1450,heal,hero,none,yellow,3,NULL,4
1451,heal,hero,none,yellow,3,NULL,5
1452,hp,academia,unknown,yellow,3,NULL,5
1453,hp,academia,unknown,yellow,3,NULL,6
1454,balance,god,animal,red,3,NULL,5
1455,balance,god,animal,red,3,NULL,6
1456,attack,hero,unknown,blue,3,NULL,5
1457,attack,hero,unknown,blue,3,NULL,6
1458,attack,human,hero,red,3,NULL,5
1459,attack,human,hero,red,3,NULL,6
1460,balance,human,none,blue,3,NULL,4
1461,balance,human,none,blue,3,NULL,5
1462,technical,human,machine,yellow,3,NULL,5
1463,technical,human,machine,yellow,3,NULL,6
1464,hp,human,unknown,yellow,3,NULL,5
1465,hp,human,unknown,yellow,3,NULL,6
1466,attack,human,none,blue,3,NULL,5
1467,attack,human,none,blue,3,NULL,6
1468,attack,unknown,none,green,3,NULL,5
1469,technical,unknown,hero,yellow,3,NULL,5
1470,balance,unknown,human,red,3,NULL,5
1471,balance,unknown,human,red,3,NULL,6
1488,hp,academia,none,red,1,NULL,5
1489,hp,academia,none,red,1,NULL,6
1490,heal,academia,animal,red,3,NULL,5
1491,heal,academia,animal,red,3,NULL,6
1495,balance,samurai,hero,yellow,3,NULL,6
1496,hp,samurai,hero,green,3,NULL,6
1497,heal,fantasy,none,blue,3,NULL,5
1498,heal,fantasy,none,blue,3,NULL,6
1499,technical,god,samurai,yellow,3,NULL,5
1500,technical,god,samurai,yellow,3,NULL,6
1501,balance,animal,none,blue,3,NULL,6
1502,attack,human,hero,red,3,NULL,5
1503,technical,dragon,fantasy,yellow,3,NULL,5
1504,balance,unknown,animal,red,3,NULL,1
1505,hp,unknown,animal,green,3,NULL,1
1506,attack,unknown,animal,yellow,3,NULL,2
1507,technical,unknown,animal,blue,3,NULL,3
1508,balance,unknown,animal,red,3,NULL,4
1509,hp,god,animal,green,3,NULL,5
1510,balance,god,animal,yellow,3,NULL,4
1511,balance,god,animal,yellow,3,NULL,5
1512,balance,god,animal,yellow,3,NULL,6
1513,coin,unknown,animal,yellow,3,NULL,4
1514,coin,unknown,animal,yellow,3,NULL,5
1515,exp,unknown,animal,red,3,NULL,4
1516,exp,unknown,animal,red,3,NULL,5
1517,exp,unknown,animal,blue,3,NULL,4
1518,exp,unknown,animal,blue,3,NULL,5
1519,exp,unknown,animal,green,3,NULL,4
1520,exp,unknown,animal,green,3,NULL,5
1521,exp,unknown,animal,yellow,3,NULL,4
1522,exp,unknown,animal,yellow,3,NULL,5
1523,technical,animal,dragon,blue,3,NULL,5
1524,technical,animal,dragon,blue,3,NULL,6
1525,attack,animal,demon,red,3,NULL,5
1526,attack,animal,demon,red,3,NULL,6
1527,attack,animal,hero,red,3,NULL,4
1528,attack,animal,hero,red,3,NULL,5
1529,balance,unknown,animal,blue,3,NULL,4
1530,balance,unknown,animal,blue,3,NULL,5
1531,technical,animal,dragon,green,3,NULL,4
1532,technical,animal,dragon,green,3,NULL,5
1533,attack,animal,human,yellow,3,NULL,4
1534,attack,animal,human,yellow,3,NULL,5
1535,technical,god,animal,red,3,NULL,5
1536,technical,god,animal,red,3,NULL,6
1537,attack,unknown,animal,blue,3,NULL,5
1538,attack,unknown,animal,blue,3,NULL,6
1539,attack,god,animal,yellow,3,NULL,5
1540,attack,god,animal,yellow,3,NULL,6
1541,technical,god,unknown,red,3,NULL,5
1542,technical,god,unknown,red,3,NULL,6
1543,balance,hero,unknown,red,3,NULL,5
1544,balance,hero,unknown,red,3,NULL,6
1545,hp,unknown,demon,green,3,NULL,5
1546,hp,unknown,demon,green,3,NULL,6
1547,hp,animal,machine,green,3,NULL,4
1548,hp,animal,machine,green,3,NULL,5
1549,balance,unknown,animal,green,3,NULL,5
1550,balance,unknown,animal,green,3,NULL,6
1551,attack,human,hero,red,1,NULL,5
1552,attack,human,hero,red,1,NULL,6
1553,technical,human,none,yellow,1,NULL,5
1554,technical,human,none,yellow,1,NULL,6
1555,hp,human,none,blue,1,NULL,5
1556,balance,human,hero,green,1,NULL,5
1557,balance,human,hero,green,1,NULL,6
1558,heal,human,none,blue,1,NULL,5
1559,heal,human,none,blue,1,NULL,6
1560,technical,human,none,red,1,NULL,5
1561,balance,human,hero,yellow,1,NULL,5
1562,balance,human,hero,yellow,1,NULL,6
1563,technical,human,none,blue,1,NULL,5
1564,technical,human,none,blue,1,NULL,6
1565,attack,human,none,green,1,NULL,5
1566,heal,human,none,red,1,NULL,5
1567,heal,human,none,red,1,NULL,6
1568,technical,human,none,green,1,NULL,5
1569,technical,human,none,green,1,NULL,6
1570,balance,human,none,yellow,1,NULL,5
1571,attack,human,none,red,1,NULL,5
1572,attack,human,none,red,1,NULL,6
1573,hp,orochi,none,green,1,NULL,5
1574,technical,orochi,none,yellow,1,NULL,5
1575,attack,human,hero,blue,1,NULL,5
1576,attack,human,hero,blue,1,NULL,6
1577,attack,human,none,yellow,1,NULL,5
1578,hp,human,none,red,1,NULL,5
1579,hp,human,unknown,red,1,NULL,5
1580,hp,human,unknown,red,1,NULL,6
1581,technical,orochi,none,red,1,NULL,5
1582,technical,orochi,none,red,1,NULL,6
1583,attack,orochi,none,red,1,NULL,6
1584,hp,orochi,none,yellow,1,NULL,4
1585,hp,orochi,none,yellow,1,NULL,5
1586,hp,orochi,none,yellow,1,NULL,6
1587,heal,human,none,green,1,NULL,5
1588,heal,human,none,green,1,NULL,6
1603,attack,animal,fantasy,blue,3,NULL,6
1604,attack,machine,fantasy,green,3,NULL,6
1613,balance,unknown,none,green,1,NULL,6
1614,balance,unknown,none,yellow,1,NULL,6
1615,balance,unknown,none,red,1,NULL,6
1616,technical,god,fantasy,green,1,NULL,6
1617,technical,human,fantasy,blue,1,NULL,6
1618,technical,human,fantasy,red,1,NULL,6
1619,heal,human,fantasy,red,1,NULL,6
1620,attack,animal,god,green,1,NULL,6
1621,technical,god,fantasy,blue,1,NULL,6
1622,attack,human,fantasy,yellow,1,NULL,6
1623,balance,human,none,red,1,NULL,5
1624,attack,animal,fantasy,blue,1,NULL,5
1687,technical,unknown,none,green,3,NULL,5
1688,technical,unknown,none,red,3,NULL,6
1689,technical,unknown,none,green,3,NULL,6
1690,technical,unknown,none,blue,3,NULL,6
1691,technical,unknown,none,yellow,3,NULL,6
1692,evolution,unknown,none,red,3,NULL,6
1693,evolution,unknown,none,green,3,NULL,6
1694,evolution,unknown,none,blue,3,NULL,6
1695,evolution,unknown,none,yellow,3,NULL,6
1696,evolution,unknown,none,blue,3,NULL,4
1697,hp,human,fantasy,red,3,NULL,6
1698,hp,human,fantasy,red,3,NULL,6
1699,technical,god,fantasy,green,3,NULL,6
1700,technical,god,fantasy,green,3,NULL,6
1701,attack,human,fantasy,blue,3,NULL,6
1702,attack,human,fantasy,blue,3,NULL,6
1703,technical,human,fantasy,red,3,NULL,6
1704,technical,human,fantasy,red,3,NULL,6
1705,heal,human,fantasy,red,3,NULL,6
1706,heal,human,fantasy,red,3,NULL,6
1707,attack,animal,god,green,3,NULL,6
1708,attack,animal,god,green,3,NULL,6
1709,technical,god,fantasy,blue,3,NULL,6
1710,technical,god,fantasy,blue,3,NULL,6
1711,attack,human,fantasy,yellow,3,NULL,6
1712,attack,human,fantasy,yellow,3,NULL,6
1713,balance,human,none,red,3,NULL,5
1714,balance,human,none,red,3,NULL,5
1715,attack,animal,fantasy,blue,3,NULL,5
1716,attack,animal,fantasy,blue,3,NULL,5
1717,technical,unknown,none,red,3,NULL,4
1718,technical,unknown,none,yellow,3,NULL,5
1719,evolution,unknown,none,yellow,3,NULL,6
5001,attack,god,animal,red,3,NULL,5
5002,attack,god,animal,red,3,NULL,6
5003,technical,animal,dragon,green,3,NULL,5
5004,technical,animal,dragon,green,3,NULL,6
5005,balance,demon,none,green,1,NULL,5
5006,balance,demon,none,green,1,NULL,6
5007,technical,human,none,yellow,1,NULL,5
5008,technical,human,none,yellow,1,NULL,6
5009,technical,unknown,human,yellow,1,NULL,5
5010,technical,unknown,human,yellow,1,NULL,6
5011,hp,human,machine,blue,1,NULL,5
5012,hp,human,machine,blue,1,NULL,6
6001,attack,unknown,none,red,3,enemy_only,1
6002,hp,human,none,red,3,enemy_only,2
6003,balance,animal,god,red,3,enemy_only,3
6004,attack,animal,none,red,3,enemy_only,1
6005,hp,god,none,blue,3,enemy_only,4
6006,hp,god,none,blue,3,enemy_only,5
6007,balance,animal,none,red,3,enemy_only,4
6008,hp,god,none,red,3,enemy_only,4
6009,technical,human,none,red,3,enemy_only,5
6010,technical,human,none,red,3,enemy_only,6
6011,ra002,unknown,none,blue,3,enemy_only,2
6012,ra002,animal,none,yellow,3,enemy_only,1
6013,ra002,machine,none,blue,3,enemy_only,2
6014,ra002,animal,none,blue,3,enemy_only,4
6015,ra002,animal,none,blue,3,enemy_only,4
6016,ra002,human,none,blue,3,enemy_only,5
6017,ra002,human,none,blue,3,enemy_only,6
6018,ra002,animal,none,red,3,enemy_only,4
6019,ra002,animal,none,red,3,enemy_only,5
6020,ra002,dragon,none,blue,3,enemy_only,4
8001,attack,god,none,yellow,3,NULL,5
8002,attack,god,none,yellow,3,NULL,6
8003,hp,dragon,none,blue,3,NULL,5
8004,hp,dragon,none,blue,3,NULL,6
8005,balance,human,animal,blue,3,NULL,5
8006,balance,human,animal,blue,3,NULL,6
8007,attack,animal,none,red,3,NULL,5
8008,attack,animal,none,red,3,NULL,6
8009,attack,god,machine,green,3,NULL,5
8010,attack,god,machine,green,3,NULL,6
8011,balance,god,none,yellow,3,NULL,5
8012,balance,god,none,yellow,3,NULL,6
8013,balance,unknown,none,yellow,1,NULL,4
8014,balance,unknown,none,yellow,1,NULL,5
8015,technical,unknown,none,green,1,NULL,4
8016,technical,unknown,none,green,1,NULL,5
8017,balance,unknown,none,green,1,NULL,4
8018,balance,unknown,none,green,1,NULL,5
8019,balance,unknown,none,yellow,1,NULL,4
8020,balance,unknown,none,yellow,1,NULL,5
8021,heal,unknown,none,yellow,1,NULL,4
8022,heal,unknown,none,yellow,1,NULL,5
8023,attack,unknown,none,red,1,NULL,3
8024,attack,unknown,none,red,1,NULL,4
8025,hp,unknown,none,red,1,NULL,3
8026,hp,unknown,none,red,1,NULL,4
8027,technical,unknown,none,blue,1,NULL,3
8028,technical,unknown,none,blue,1,NULL,4
8029,heal,unknown,none,blue,1,NULL,4
8030,heal,unknown,none,blue,1,NULL,5
8031,balance,god,machine,red,3,NULL,5
8032,balance,god,machine,red,3,NULL,6
8033,attack,god,animal,green,3,NULL,5
8034,attack,god,animal,green,3,NULL,6
8035,heal,human,none,blue,1,NULL,5
8036,heal,human,none,blue,1,NULL,6
8037,attack,human,machine,red,1,NULL,5
8038,attack,human,machine,red,1,NULL,6
8039,hp,god,none,yellow,3,NULL,5
8040,hp,god,none,yellow,3,NULL,6
8041,balance,god,none,blue,3,NULL,5
8042,balance,god,none,blue,3,NULL,6
8043,technical,ss,none,green,1,NULL,5
8044,technical,ss,none,green,1,NULL,6
8045,technical,ss,none,yellow,1,NULL,4
8046,technical,ss,none,yellow,1,NULL,5
8047,balance,ss,none,red,1,NULL,4
8048,balance,ss,none,red,1,NULL,5
8049,hp,ss,none,red,1,NULL,4
8050,hp,ss,none,red,1,NULL,5
8051,evolution,ss,none,red,1,NULL,5
8052,evolution,ss,none,red,1,NULL,4
8053,balance,ss,none,red,1,NULL,5
8054,balance,ss,none,red,1,NULL,6
8055,attack,ss,none,red,1,NULL,4
8056,attack,ss,none,red,1,NULL,5
8057,balance,ss,none,green,1,NULL,4
8058,balance,ss,none,green,1,NULL,5
8059,technical,ss,none,green,1,NULL,4
8060,technical,ss,none,green,1,NULL,5
8061,balance,ss,none,green,1,NULL,3
8062,balance,ss,none,green,1,NULL,4
8063,heal,ss,none,blue,1,NULL,5
8064,heal,ss,none,blue,1,NULL,6
8065,technical,ss,none,blue,1,NULL,3
8066,technical,ss,none,blue,1,NULL,4
8067,attack,ss,none,blue,1,NULL,3
8068,attack,ss,none,blue,1,NULL,4
8069,heal,ss,none,yellow,1,NULL,4
8070,heal,ss,none,yellow,1,NULL,5
8071,hp,ss,none,yellow,1,NULL,3
8072,hp,ss,none,yellow,1,NULL,4
8073,attack,human,machine,yellow,3,NULL,6
8074,hp,dragon,unknown,blue,3,NULL,6
8075,balance,god,animal,blue,3,NULL,6
8076,attack,unknown,hero,red,3,NULL,6
8077,attack,human,none,blue,1,NULL,5
8078,attack,human,hero,blue,1,NULL,6
8079,hp,dragon,none,red,1,NULL,5
8080,hp,dragon,unknown,red,1,NULL,6
8081,balance,samurai,human,green,3,NULL,5
8082,balance,samurai,human,green,3,NULL,6
8083,technical,samurai,human,yellow,3,NULL,5
8084,technical,samurai,human,yellow,3,NULL,6
8085,attack,god,none,green,3,NULL,6
8086,attack,god,animal,yellow,3,NULL,6
8087,technical,god,none,red,1,NULL,5
8088,technical,god,none,red,1,NULL,6
8089,attack,animal,unknown,green,1,NULL,5
8090,attack,animal,unknown,green,1,NULL,6
8095,exp,unknown,none,red,1,NULL,6
8096,exp,unknown,none,green,1,NULL,6
8097,exp,unknown,none,blue,1,NULL,6
8098,exp,unknown,none,yellow,1,NULL,6
8099,balance,god,none,green,1,NULL,5
8100,balance,god,none,green,1,NULL,6
8101,attack,god,machine,yellow,1,NULL,5
8102,attack,god,machine,yellow,1,NULL,6
8103,attack,god,none,red,1,NULL,5
8104,attack,god,none,red,1,NULL,6
8105,hp,god,human,green,1,NULL,5
8106,hp,god,human,green,1,NULL,6
8111,balance,god,none,blue,1,NULL,5
8112,balance,god,none,blue,1,NULL,6
8113,attack,academia,hero,yellow,1,NULL,5
8114,attack,academia,hero,yellow,1,NULL,6
8115,attack,human,dragon,blue,1,NULL,5
8116,attack,human,dragon,blue,1,NULL,6
8117,heal,dragon,fantasy,green,1,NULL,5
8118,heal,dragon,fantasy,green,1,NULL,6
8119,attack,dragon,fantasy,green,1,NULL,5
8120,attack,dragon,fantasy,green,1,NULL,6
8121,attack,human,machine,yellow,1,NULL,5
8122,attack,human,machine,yellow,1,NULL,6
8123,attack,human,none,yellow,1,NULL,6
8124,attack,human,none,yellow,1,NULL,6
8125,attack,human,none,yellow,1,NULL,6
8126,attack,human,none,yellow,1,NULL,6
8127,technical,demon,none,green,1,NULL,6
8128,balance,god,none,green,1,NULL,6
8129,technical,demon,none,blue,1,NULL,6
8130,balance,god,none,red,1,NULL,6
8131,heal,human,fantasy,blue,1,NULL,6
8132,attack,human,none,red,1,NULL,6
8133,heal,human,hero,blue,1,NULL,5
8134,balance,human,hero,red,1,NULL,5
8135,attack,god,demon,yellow,1,NULL,5
8136,attack,god,demon,yellow,1,NULL,6
8137,balance,human,none,green,1,NULL,6
8138,attack,human,hero,red,1,NULL,5
9001,attack,human,none,red,1,NULL,5
9002,attack,human,none,red,1,NULL,6
9003,heal,dragon,human,green,1,NULL,5
9004,heal,dragon,human,green,1,NULL,6
9005,hp,demon,none,blue,1,NULL,5
9006,hp,demon,none,blue,1,NULL,6
9007,technical,hero,none,red,1,NULL,5
9008,technical,hero,none,red,1,NULL,6
9009,heal,god,none,green,1,NULL,5
9010,heal,god,none,green,1,NULL,6
9011,attack,demon,none,yellow,1,NULL,5
9012,attack,demon,none,yellow,1,NULL,6
10001,heal,human,samurai,yellow,1,NULL,6
10002,technical,animal,none,yellow,1,NULL,6
10003,technical,academia,hero,red,1,NULL,5
10004,technical,academia,hero,red,1,NULL,6
10005,technical,human,samurai,yellow,1,NULL,6
10006,attack,animal,none,yellow,1,NULL,6
10007,technical,machine,god,yellow,1,NULL,5
10008,technical,machine,god,yellow,1,NULL,6
10009,heal,human,none,blue,1,NULL,6
10010,technical,human,queen,red,1,NULL,6
10011,balance,human,god,yellow,1,NULL,5
10012,balance,human,god,blue,1,NULL,6
10013,hp,dragon,none,yellow,1,NULL,5
10014,hp,dragon,none,yellow,1,NULL,6
10015,heal,human,unknown,green,1,NULL,5
10016,heal,human,unknown,green,1,NULL,6
10017,balance,unknown,none,red,1,NULL,6
10018,balance,unknown,none,blue,1,NULL,6
10019,balance,unknown,none,green,1,NULL,6
10020,balance,unknown,none,yellow,1,NULL,6
10021,hp,demon,none,blue,1,NULL,5
10022,hp,demon,none,blue,1,NULL,6
10023,heal,dragon,samurai,green,1,NULL,5
10024,hp,dragon,samurai,green,1,NULL,6
10025,hp,dragon,machine,red,1,NULL,5
10026,hp,dragon,machine,red,1,NULL,6
10027,balance,unknown,none,green,1,NULL,6
10028,balance,unknown,none,yellow,1,NULL,6
10029,balance,unknown,none,red,1,NULL,6
10030,balance,unknown,none,blue,1,NULL,6
10031,balance,unknown,none,green,1,NULL,6
10032,balance,unknown,none,yellow,1,NULL,6
10033,balance,unknown,none,red,1,NULL,6
10034,balance,unknown,none,blue,1,NULL,6
10035,balance,unknown,none,green,1,NULL,6
10036,balance,unknown,none,yellow,1,NULL,6
10037,balance,unknown,none,red,1,NULL,6
10038,balance,god,none,blue,1,NULL,6
10039,balance,unknown,none,green,1,NULL,6
10040,balance,unknown,none,yellow,1,NULL,6
10041,balance,unknown,none,red,1,NULL,6
10042,balance,unknown,none,blue,1,NULL,6
10043,balance,unknown,none,green,1,NULL,6
10044,balance,unknown,none,yellow,1,NULL,6
10045,balance,unknown,none,red,1,NULL,6
10046,balance,unknown,none,blue,1,NULL,6
10047,balance,unknown,none,green,1,NULL,6
10048,balance,unknown,none,yellow,1,NULL,6
10049,balance,unknown,none,red,1,NULL,6
10050,balance,unknown,none,blue,1,NULL,6
10051,balance,unknown,none,green,1,NULL,6
10052,balance,unknown,none,yellow,1,NULL,6
10053,balance,unknown,none,red,1,NULL,6
10054,balance,unknown,none,blue,1,NULL,6
10055,balance,unknown,none,green,1,NULL,6
10056,balance,unknown,none,yellow,1,NULL,6
10057,balance,unknown,none,red,1,NULL,6
10058,balance,unknown,none,blue,1,NULL,6
10059,balance,unknown,none,green,1,NULL,6
10060,balance,unknown,none,yellow,1,NULL,6
10061,balance,unknown,none,red,1,NULL,6
10062,balance,unknown,none,blue,1,NULL,6
10063,balance,unknown,none,green,1,NULL,6
10064,balance,unknown,none,yellow,1,NULL,6
10065,balance,unknown,none,red,1,NULL,6
10066,balance,unknown,none,blue,1,NULL,6
10067,balance,unknown,none,green,1,NULL,6
10068,balance,unknown,none,yellow,1,NULL,6
10069,balance,unknown,none,red,1,NULL,6
10070,technical,human,none,green,1,NULL,6
10071,technical,human,none,green,1,NULL,6
10072,attack,unknown,fantasy,green,1,NULL,6
10073,attack,unknown,machine,yellow,1,NULL,6
10074,technical,unknown,demon,red,1,NULL,6
10075,balance,human,hero,red,1,NULL,6
10076,balance,weapon,fantasy,red,1,NULL,6
10077,attack,academia,none,green,1,NULL,6
10078,heal,human,none,red,1,NULL,6
10079,heal,human,none,red,1,NULL,6
10080,balance,unknown,none,yellow,1,NULL,6
10081,technical,human,none,blue,1,NULL,5
10082,technical,human,none,blue,1,NULL,6
10083,attack,human,none,yellow,1,NULL,5
10084,attack,human,none,yellow,1,NULL,6
10085,balance,unknown,none,red,1,NULL,6
10086,attack,dragon,none,red,1,NULL,5
10087,attack,dragon,none,red,1,NULL,6
10088,attack,unknown,none,green,1,NULL,5
10089,attack,unknown,none,green,1,NULL,6
10090,balance,unknown,none,blue,1,NULL,6
10101,balance,unknown,none,blue,3,NULL,6
10102,attack,queen,demon,red,3,NULL,3
10103,attack,queen,demon,red,3,NULL,4
